State/UT,e_transactions
Andaman and Nicobar,58010
Andhra Pradesh,22877647
Assam,32355652
Bihar,102266664
Chhattisgarh,23857156
Delhi,2370510
Goa,249
Gujarat,23272474
Haryana,12562075
Himachal Pradesh,116005
Jammu and Kashmir,1961
Jharkhand,36758460
Karnataka,44117830
Kerala,9656910
Lakshadweep,109778
Madhya Pradesh,45034149
Maharashtra,1958256
Manipur,493304
Meghalaya,590954
Mizoram,57085
Odisha,35879879
Puducherry,1005933
Rajasthan,21810460
Sikkim,49230
Tamil Nadu,44907865
Telangana,16690192
Tripura,2726806
Uttar Pradesh,66085063
Uttarakhand,21253
West Bengal,23667320
